Panel,NEMSIS ID,NEMSIS Element Name,Usage/Card,Repeats,Target FHIR Resource,Target Profile,FHIR Path,Datatype Transform,Terminology / ConceptMap,NV handling,PN handling,mPSC Section,Status,Notes
Admin_Org_Crew,eRecord.01,Patient Care Report Number,M [1..1],No,Composition / Bundle,IHE.PCC.FHIR.MS.Composition,Composition.identifier; Bundle.identifier,string→Identifier,system=urn:nemsis:pcr,n/a,n/a,(header),Mapped,PCR business key; also Provenance target
Admin_Org_Crew,eRecord.02,Software Creator,M [1..1],No,Device / Provenance,—,Device.manufacturer; Provenance.entity,string,—,n/a,n/a,(header),Seeded,Source-software attribution
Admin_Org_Crew,eRecord.03,Software Name,M [1..1],No,Device,—,Device.deviceName.name,string,—,n/a,n/a,(header),Seeded,
Admin_Org_Crew,eRecord.04,Software Version,M [1..1],No,Device,—,Device.version.value,string,—,n/a,n/a,(header),Seeded,
Admin_Org_Crew,dAgency.01,EMS Agency Unique State ID,M [1..1],No,Organization,US Core Organization,Organization.identifier,string→Identifier,system=state agency id,n/a,n/a,(author),Mapped,IG-ANCHORED mapping (only populated cells in mPSC)
Admin_Org_Crew,dAgency.02,EMS Agency Number,M [1..1],No,Organization,US Core Organization,Organization.identifier,string→Identifier,system=NASEMSO/national,n/a,n/a,(author),Mapped,IG-ANCHORED
Admin_Org_Crew,dAgency.03,EMS Agency Name,RE [0..1],No,Organization,US Core Organization,Organization.name,string,n/a,NV(7701xxx)→data-absent-reason,n/a,(author),Mapped,IG-ANCHORED
Admin_Org_Crew,dAgency.04,EMS Agency State,M [1..1],No,Organization,US Core Organization,Organization.address.state,string→address,USPS state,n/a,n/a,(author),Mapped,IG-ANCHORED
Admin_Org_Crew,dAgency.25,National Provider Identifier (NPI),O,No,Organization,US Core Organization,Organization.identifier (NPI),string→Identifier,system=http://hl7.org/fhir/sid/us-npi,NV(7701xxx)→data-absent-reason,n/a,(author),Mapped,
Admin_Org_Crew,dPersonnel.*,Personnel roster / certifications,varies,Yes,Practitioner + PractitionerRole,US Core Practitioner/Role,Practitioner.identifier/name; PractitionerRole.code,group→resource,cert level ConceptMap,NV(7701xxx)→data-absent-reason,n/a,(author),Seeded,Referenced by eMedications.09/eProcedures.09 crew IDs
Admin_Org_Crew,eCrew.01,Crew Member ID,RE [0..1],Yes,PractitionerRole,US Core PractitionerRole,PractitionerRole.practitioner→dPersonnel,string→ref,links to dPersonnel,NV(7701xxx)→data-absent-reason,n/a,(author),Mapped,
Admin_Org_Crew,eCrew.02,Crew Member Level,RE [0..1],Yes,PractitionerRole,US Core PractitionerRole,PractitionerRole.code,code,cert-level ConceptMap,NV(7701xxx)→data-absent-reason,n/a,(author),Mapped,
Admin_Org_Crew,eCrew.03,Crew Member Response Role,RE [0..*],Yes,PractitionerRole,US Core PractitionerRole,PractitionerRole.specialty/code,code,response-role ConceptMap,NV(7701xxx)→data-absent-reason,n/a,(author),Mapped,
Admin_Org_Crew,eCustomConfiguration.01-.09,Custom element definitions,varies,Yes,Observation (definition),—,Observation / Observation.value[x] / dataAbsentReason,per IG,local,NV(7701xxx)→data-absent-reason,PN(8801xxx)→statusReason/negation,(author),Mapped,"IG-ANCHORED to Observation; .07 NV→valueCodeableConcept, .08 PN→dataAbsentReason, .09 grouping→identifier"
Admin_Org_Crew,eCustomResults.01-.03,Custom element results,varies,Yes,Observation,—,Observation.value[x]; CorrelationID→derivedFrom,per IG,local,NV(7701xxx)→data-absent-reason,PN(8801xxx)→statusReason/negation,Results,Mapped,"CorrelationID links result↔config (.02 ref, .03 correlation)"
Encounter,eResponse.01,EMS Agency Number,M [1..1],No,Encounter/Organization,US Core Encounter,Encounter.serviceProvider→Organization,ref,—,NV(7701xxx)→data-absent-reason,n/a,EMS Course*,Mapped,Ties Encounter to Organization
Encounter,eResponse.03,Incident Number,R [1..1],No,Encounter,US Core Encounter,Encounter.identifier,string→Identifier,system=incident,NV(7701xxx)→data-absent-reason,n/a,EMS Course*,Mapped,
Encounter,eResponse.04,EMS Response Number,R [1..1],No,Encounter,US Core Encounter,Encounter.identifier,string→Identifier,system=response,NV(7701xxx)→data-absent-reason,n/a,EMS Course*,Mapped,
Encounter,eResponse.05,Type of Service Requested,M [1..1],No,Encounter,US Core Encounter,Encounter.type / serviceType,code,service-type ConceptMap,NV(7701xxx)→data-absent-reason,n/a,EMS Course*,Mapped,
Encounter,eResponse.07,Unit Transport & Equipment Capability,M [1..1],No,Encounter,—,Encounter.type (secondary),code,ConceptMap→SNOMED,NV(7701xxx)→data-absent-reason,n/a,EMS Course*,Seeded,
Encounter,eResponse.08-.12,Dispatch/Response/Scene/Transport/Turnaround Delay,R [1..*],Yes,Observation,—,Observation (delay reasons),code,delay ConceptMap,NV(7701xxx)→data-absent-reason,n/a,EMS Course*,Seeded,Operational; may be excluded from CS
Encounter,eResponse.13,EMS Vehicle (Unit) Number,M [1..1],No,Encounter/Location,—,Encounter.location.location→Location(vehicle),string→ref,—,NV(7701xxx)→data-absent-reason,n/a,EMS Course*,Mapped,
Encounter,eResponse.14,EMS Unit Call Sign,M [1..1],No,Location,—,Location.name/alias (vehicle),string,n/a,NV(7701xxx)→data-absent-reason,n/a,EMS Course*,Mapped,
Encounter,eResponse.16-.18,Vehicle Dispatch Location / GPS / USNG,O,No,Location,—,Location.position; Location.address,geo→position,—,NV(7701xxx)→data-absent-reason,n/a,EMS Course*,Seeded,
Encounter,eResponse.19-.22,Odometer readings (Begin/OnScene/Dest/End),O,No,Observation,—,Observation (mileage) valueQuantity,decimal→Quantity(mi),—,NV(7701xxx)→data-absent-reason,n/a,EMS Course*,Seeded,Billing/QA; often excluded from CS
Encounter,eResponse.23,Response Mode to Scene,M [1..1],No,Encounter,—,Encounter.priority,code,priority ConceptMap,NV(7701xxx)→data-absent-reason,n/a,EMS Course*,Mapped,Emergent/non-emergent
Encounter,eResponse.24,Additional Response Mode Descriptors,R [1..*],Yes,Encounter,—,Encounter.priority (ext),code,ConceptMap,NV(7701xxx)→data-absent-reason,n/a,EMS Course*,Seeded,
Encounter,eDispatch.01,Dispatch Reason,M [1..1],No,Encounter / Observation,—,Encounter.reasonCode,code,dispatch-reason ConceptMap→SNOMED,NV(7701xxx)→data-absent-reason,n/a,EMS Course*,Mapped,
Encounter,eDispatch.02,EMD Performed,R [1..1],No,Observation,—,Observation (EMD performed) valueBoolean/code,code,—,NV(7701xxx)→data-absent-reason,PN(8801xxx)→statusReason/negation,EMS Course*,Seeded,
Encounter,eDispatch.05,Dispatch Priority (Patient Acuity),O,No,Encounter,—,Encounter.priority (dispatch),code,acuity ConceptMap,NV(7701xxx)→data-absent-reason,n/a,EMS Course*,Seeded,
Encounter,eTimes.01,PSAP Call Date/Time,R [1..1],No,Encounter/Observation,—,Provenance.occurred / timeline Observation,dateTime,ISO8601+offset,NV(7701xxx)→data-absent-reason,n/a,EMS Course*,Mapped,Source printed 'EPSAP' (typo)
Encounter,eTimes.03,Unit Notified by Dispatch Date/Time,M [1..1],No,Encounter,US Core Encounter,Encounter.period.start (dispatch phase),dateTime,ISO8601+offset,n/a,n/a,EMS Course*,Mapped,
Encounter,eTimes.05,Unit En Route Date/Time,R [1..1],No,Encounter,—,EncounterHistory / timeline,dateTime,,NV(7701xxx)→data-absent-reason,n/a,EMS Course*,Mapped,
Encounter,eTimes.06,Unit Arrived on Scene Date/Time,R [1..1],No,Encounter,US Core Encounter,Encounter.period.start (on-scene),dateTime,,NV(7701xxx)→data-absent-reason,n/a,EMS Course*,Mapped,Primary Encounter.period.start
Encounter,eTimes.07,Arrived at Patient Date/Time,R [1..1],No,Encounter/Observation,—,timeline Observation,dateTime,,NV(7701xxx)→data-absent-reason,n/a,EMS Course*,Mapped,
Encounter,eTimes.09,Unit Left Scene Date/Time,R [1..1],No,Encounter,—,timeline / transport start,dateTime,,NV(7701xxx)→data-absent-reason,n/a,EMS Course*,Mapped,
Encounter,eTimes.11,Patient Arrived at Destination Date/Time,R [1..1],No,Encounter,US Core Encounter,Encounter.period.end (arrival),dateTime,,NV(7701xxx)→data-absent-reason,n/a,EMS Course*,Mapped,
Encounter,eTimes.12,Destination Patient Transfer of Care Date/Time,R [1..1],No,Encounter,US Core Encounter,Encounter.period.end (transfer),dateTime,,NV(7701xxx)→data-absent-reason,n/a,EMS Course*,Mapped,Handoff moment for mPSC-CS
Encounter,eTimes.02/.04/.08/.10/.13-.17,Other timeline timestamps,varies,No,Observation/EncounterHistory,—,timeline cluster,dateTime,,NV(7701xxx)→data-absent-reason,n/a,EMS Course*,Seeded,Full timeline in CR; subset in CS
Encounter,eScene.01,First EMS Unit on Scene,R [1..1],No,Observation,—,Observation valueBoolean,boolean,—,NV(7701xxx)→data-absent-reason,PN(8801xxx)→statusReason/negation,EMS Course*,Seeded,
Encounter,eScene.06,Number of Patients at Scene,R [1..1],No,Observation,—,Observation valueInteger,integer,—,NV(7701xxx)→data-absent-reason,n/a,EMS Course*,Mapped,
Encounter,eScene.07,Mass Casualty Incident,R [1..1],No,Observation / Flag,—,Observation (MCI) valueBoolean; Flag,code,—,NV(7701xxx)→data-absent-reason,PN(8801xxx)→statusReason/negation,EMS Course*,Mapped,
Encounter,eScene.08,Triage Classification for MCI Patient,R [1..1],No,Observation,—,Observation.value (triage color),code,2708xxx ConceptMap (Red/Yellow/Green/Black),NV(7701xxx)→data-absent-reason,n/a,EMS Course*,Mapped,START/SALT triage
Encounter,eScene.09,Incident Location Type,R [1..1],No,Location,—,Location.type,code,location-type ConceptMap→v3 RoleCode,NV(7701xxx)→data-absent-reason,n/a,EMS Course*,Mapped,
Encounter,eScene.11,Scene GPS Location,O,No,Location,—,Location.position (lat/long),geo→position,n/a,NV(7701xxx)→data-absent-reason,n/a,EMS Course*,Mapped,
Encounter,eScene.15-.23,Incident Address / City / State / ZIP / County / Country / Census,RE/R,No,Location,—,Location.address,address,—,NV(7701xxx)→data-absent-reason,n/a,EMS Course*,Mapped,Scene location resource
ePatient,ePatient.01,EMS Patient ID,O [0..1],No,Patient,IHE.PCC.Patient / US Core Patient,Patient.identifier,string→Identifier,system=agency patient id,NV(7701xxx)→data-absent-reason,n/a,(subject),Mapped,
ePatient,ePatient.02,Last Name,RE [0..1],No,Patient,US Core Patient,Patient.name.family,string,n/a,NV(7701xxx)→data-absent-reason,n/a,(subject),Mapped,May be unknown at scene
ePatient,ePatient.03,First Name,RE [0..1],No,Patient,US Core Patient,Patient.name.given,string,n/a,NV(7701xxx)→data-absent-reason,n/a,(subject),Mapped,
ePatient,ePatient.04,Middle Initial/Name,O,No,Patient,US Core Patient,Patient.name.given[1],string,n/a,NV(7701xxx)→data-absent-reason,n/a,(subject),Mapped,
ePatient,ePatient.05-.11,Home Address/City/County/State/ZIP/Country/Census,O/R,No,Patient,US Core Patient,Patient.address,address,USPS/FIPS,NV(7701xxx)→data-absent-reason,n/a,(subject),Mapped,
ePatient,ePatient.12,Social Security Number,O,No,Patient,US Core Patient,Patient.identifier (SSN),string→Identifier,system=us-ssn,NV(7701xxx)→data-absent-reason,n/a,(subject),Mapped,PHI — governance-gated
ePatient,ePatient.13,Gender (DEPRECATED in 3.5.0),R [1..1],No,Patient,US Core Patient,Patient.gender,code,admin-gender ConceptMap,NV(7701xxx)→data-absent-reason,n/a,(subject),Deferred,LEGACY fallback only — prefer .25 (ADR-007)
ePatient,ePatient.25,Sex (replaces .13),R,No,Patient,US Core Patient,Patient.gender + US Core Sex/birthsex ext,code,admin-gender / birthsex ConceptMap,NV(7701xxx)→data-absent-reason,n/a,(subject),Mapped,SOURCE OF TRUTH for sex (ADR-007)
ePatient,ePatient.14,Race,R [1..*],Yes,Patient,US Core Patient,Patient.extension (us-core-race) + pcc-uv-race,code,OMB race → CDC Race&Ethnicity ConceptMap,NV(7701xxx)→data-absent-reason,n/a,(subject),Mapped,Dual-carry US Core + mPSC ext (ADR-006)
ePatient,ePatient.15,Age,R [1..1],No,Patient/Observation,US Core Patient,Patient.birthDate (derive) / Observation age,integer,with .16 units,NV(7701xxx)→data-absent-reason,n/a,(subject),Mapped,"When DOB absent, keep age Observation"
ePatient,ePatient.16,Age Units,R [1..1],No,(qualifier),—,(units for .15),code,age-unit ConceptMap→UCUM,NV(7701xxx)→data-absent-reason,n/a,(subject),Mapped,Neonatal: days/hours
ePatient,ePatient.17,Date of Birth,RE [0..1],No,Patient,US Core Patient,Patient.birthDate,date,n/a,NV(7701xxx)→data-absent-reason,n/a,(subject),Mapped,
ePatient,ePatient.18,Patient's Phone Number,O [0..*],Yes,Patient,US Core Patient,Patient.telecom (phone),contactPoint,n/a,NV(7701xxx)→data-absent-reason,n/a,(subject),Mapped,
ePatient,ePatient.19,Patient's Email Address,O [0..*],Yes,Patient,US Core Patient,Patient.telecom (email),contactPoint,n/a,NV(7701xxx)→data-absent-reason,n/a,(subject),Mapped,
ePatient,ePatient.20-.21,Driver's License State / Number,O,No,Patient,US Core Patient,Patient.identifier (DL),string→Identifier,system=state DMV,NV(7701xxx)→data-absent-reason,n/a,(subject),Mapped,
ePatient,ePatient.22,Alternate Home Residence,RE [0..1],No,Patient,—,Patient.extension (residence type),code,residence ConceptMap,NV(7701xxx)→data-absent-reason,n/a,(subject),Seeded,Homeless/SNF/etc.
eSituation_eInjury,eSituation.01,Date/Time of Symptom Onset,R [1..1],No,Condition,US Core Condition,Condition.onsetDateTime,dateTime,n/a,NV(7701xxx)→data-absent-reason,n/a,Problems,Mapped,
eSituation_eInjury,eSituation.02,Possible Injury,R [1..1],No,Observation/Flag,—,Observation (injury present) valueBoolean,boolean/code,—,NV(7701xxx)→data-absent-reason,PN(8801xxx)→statusReason/negation,Problems,Mapped,Gates eInjury relevance
eSituation_eInjury,eSituation.03,Complaint Type,RE [0..1],No,Condition,—,Condition.category (chief complaint),code,ConceptMap,NV(7701xxx)→data-absent-reason,n/a,Problems,Mapped,
eSituation_eInjury,eSituation.04,Complaint (chief),RE [0..1],No,Condition,US Core Condition,Condition.code (text) / Observation,string/code,free-text or SNOMED,NV(7701xxx)→data-absent-reason,PN(8801xxx)→statusReason/negation,Problems,Mapped,Chief complaint
eSituation_eInjury,eSituation.05-.06,Duration of Complaint + Time Units,RE,No,Condition,—,Condition.onset (derive) / note,integer+unit,UCUM,NV(7701xxx)→data-absent-reason,n/a,Problems,Seeded,
eSituation_eInjury,eSituation.07,Chief Complaint Anatomic Location,R [1..1],No,Condition,—,Condition.bodySite,code,SNOMED body structure,NV(7701xxx)→data-absent-reason,n/a,Problems,Mapped,NOT primary symptom (agent-verified)
eSituation_eInjury,eSituation.08,Chief Complaint Organ System,R [1..1],No,Condition,—,Condition.bodySite (system),code,SNOMED,NV(7701xxx)→data-absent-reason,n/a,Problems,Mapped,
eSituation_eInjury,eSituation.09,Primary Symptom,R [1..1],No,Observation/Condition,—,Observation (symptom) / Condition,code,"ICD-10-CM (source-coded, pass-through) [corrected 2026-08-06: 3.5.0 XSD pattern-verified; was SNOMED]",NV(7701xxx)→data-absent-reason,PN(8801xxx)→statusReason/negation,Problems,Mapped,
eSituation_eInjury,eSituation.10,Other Associated Symptoms,R [1..1],Yes,Observation,—,Observation (symptoms),code,"ICD-10-CM (source-coded, pass-through) [corrected 2026-08-06: 3.5.0 XSD pattern-verified; was SNOMED]",NV(7701xxx)→data-absent-reason,PN(8801xxx)→statusReason/negation,Problems,Mapped,PN carries pertinent negatives
eSituation_eInjury,eSituation.11,Provider's Primary Impression,R [1..1],No,Condition,US Core Condition (Encounter Dx),Condition.code (principal),code,"ICD-10-CM (source-coded, pass-through) [corrected 2026-08-06: 3.5.0 XSD pattern-verified; was SNOMED]",NV(7701xxx)→data-absent-reason,PN(8801xxx)→statusReason/negation,Problems,Mapped,PRINCIPAL condition; ICD-10-CM already in source (3.5.0 XSD-verified)
eSituation_eInjury,eSituation.12,Provider's Secondary Impressions,R [1..1],Yes,Condition,US Core Condition,Condition.code (additional),code,"ICD-10-CM (source-coded, pass-through) [corrected 2026-08-06: 3.5.0 XSD pattern-verified; was SNOMED]",NV(7701xxx)→data-absent-reason,PN(8801xxx)→statusReason/negation,Problems,Mapped,
eSituation_eInjury,eSituation.13,Initial Patient Acuity,R [1..1],No,Observation,—,Observation (acuity) valueCodeableConcept,code,acuity ConceptMap,NV(7701xxx)→data-absent-reason,n/a,Problems,Mapped,
eSituation_eInjury,eSituation.14,Work-Related Illness/Injury,RE [0..1],No,Observation,—,Observation valueBoolean,boolean,—,NV(7701xxx)→data-absent-reason,PN(8801xxx)→statusReason/negation,Problems,Seeded,
eSituation_eInjury,eSituation.15-.17,Occupational Industry / Occupation / Activity,O/RE,No,Observation,US Core Occupation (Odh),Observation (ODH industry/occupation),code,ODH ConceptMap,NV(7701xxx)→data-absent-reason,n/a,Social History*,Seeded,Maps to Occupational Data for Health
eSituation_eInjury,eSituation.18,Date/Time Last Known Well,R [1..1],No,Observation,—,Observation (LKW) valueDateTime,dateTime,stroke-relevant,NV(7701xxx)→data-absent-reason,n/a,Problems,Mapped,Critical for stroke
eSituation_eInjury,eSituation.19-.20,Justification / Reason for Interfacility Transfer,RE/R,No,ServiceRequest/Encounter,—,ServiceRequest.reasonCode; Encounter.reasonCode,code,ConceptMap,NV(7701xxx)→data-absent-reason,n/a,EMS Course*,Mapped,RIPT use case driver
eSituation_eInjury,eInjury.01,Cause of Injury,R [1..*],Yes,Condition/Observation,—,Condition.code (external cause),code,ICD-10-CM external cause,NV(7701xxx)→data-absent-reason,n/a,Problems,Mapped,
eSituation_eInjury,eInjury.02,Mechanism of Injury,RE [0..*],Yes,Observation,—,Observation (MOI),code,SNOMED ConceptMap,NV(7701xxx)→data-absent-reason,PN(8801xxx)→statusReason/negation,Problems,Mapped,
eSituation_eInjury,eInjury.03,Trauma Triage Criteria (High Risk),R [1..*],Yes,Observation,—,Observation (trauma triage) hasMember,code,CDC field triage ConceptMap,NV(7701xxx)→data-absent-reason,PN(8801xxx)→statusReason/negation,Problems,Mapped,Steps 1-2
eSituation_eInjury,eInjury.04,Trauma Triage Criteria (Moderate Risk),R [1..*],Yes,Observation,—,Observation (trauma triage),code,CDC field triage,NV(7701xxx)→data-absent-reason,PN(8801xxx)→statusReason/negation,Problems,Mapped,Steps 3-4
eSituation_eInjury,eInjury.05-.10,Vehicle impact / seat / safety equip / airbag / fall height / PPE,O/RE,Yes,Observation,—,Observation cluster,mixed,ConceptMaps,NV(7701xxx)→data-absent-reason,PN(8801xxx)→statusReason/negation,Problems,Seeded,Injury detail; CR only
eSituation_eInjury,eInjury.11-.29,ACN telematics (crash notification data),O,Yes,Observation / DocumentReference,—,Observation cluster or DocumentReference,mixed,—,NV(7701xxx)→data-absent-reason,n/a,Results*,Deferred,Automatic Crash Notification; low field prevalence — CR/attachment
eArrest,eArrest.01,Cardiac Arrest,R [1..1],No,Observation,—,Observation (cardiac arrest) valueCodeableConcept,code,yes/no/prior ConceptMap,NV(7701xxx)→data-absent-reason,PN(8801xxx)→statusReason/negation,Problems,Mapped,GATE field; PN=present-prior-to-EMS
eArrest,eArrest.02,Cardiac Arrest Etiology,R [1..1],No,Observation/Condition,—,Condition.code / Observation,code,SNOMED,NV(7701xxx)→data-absent-reason,n/a,Problems,Mapped,
eArrest,eArrest.03,Resuscitation Attempted By EMS,R [1..*],Yes,Procedure,—,Procedure (resuscitation),code,SNOMED,NV(7701xxx)→data-absent-reason,PN(8801xxx)→statusReason/negation,Procedures*,Mapped,
eArrest,eArrest.04,Arrest Witnessed By,R [1..*],Yes,Observation,—,Observation valueCodeableConcept,code,ConceptMap,NV(7701xxx)→data-absent-reason,n/a,Problems,Mapped,
eArrest,eArrest.07,AED Use Prior to EMS Arrival,R [1..1],No,Procedure/Observation,—,"Procedure (AED, performer=other)",code,—,NV(7701xxx)→data-absent-reason,PN(8801xxx)→statusReason/negation,Procedures*,Mapped,Bystander/first responder
eArrest,eArrest.09,Type of CPR Provided,R [1..*],Yes,Procedure,—,Procedure (CPR).code,code,SNOMED,NV(7701xxx)→data-absent-reason,PN(8801xxx)→statusReason/negation,Procedures*,Mapped,
eArrest,eArrest.10,Therapeutic Hypothermia by EMS,O,No,Procedure,—,Procedure (hypothermia),code,SNOMED,NV(7701xxx)→data-absent-reason,PN(8801xxx)→statusReason/negation,Procedures*,Seeded,
eArrest,eArrest.11,First Monitored Arrest Rhythm,R [1..1],No,Observation,—,Observation (rhythm) valueCodeableConcept,code,rhythm ConceptMap (Asystole/VF/etc.),NV(7701xxx)→data-absent-reason,n/a,Vitals*,Mapped,
eArrest,eArrest.12,Any Return of Spontaneous Circulation,R [1..*],Yes,Observation,—,Observation (ROSC),code,—,NV(7701xxx)→data-absent-reason,PN(8801xxx)→statusReason/negation,Problems,Mapped,
eArrest,eArrest.14,Date/Time of Cardiac Arrest,R [1..1],No,Observation,—,Observation.effectiveDateTime,dateTime,n/a,NV(7701xxx)→data-absent-reason,n/a,Problems,Mapped,
eArrest,eArrest.15,Date/Time Resuscitation Discontinued,RE [0..1],No,Procedure,—,Procedure.performedPeriod.end,dateTime,n/a,NV(7701xxx)→data-absent-reason,n/a,Procedures*,Mapped,
eArrest,eArrest.16,Reason CPR/Resuscitation Discontinued,R [1..1],No,Procedure,—,Procedure.statusReason / outcome,code,ConceptMap,NV(7701xxx)→data-absent-reason,PN(8801xxx)→statusReason/negation,Procedures*,Mapped,
eArrest,eArrest.17,Cardiac Rhythm on Arrival at Destination,R [1..*],Yes,Observation,—,Observation (rhythm at dest),code,rhythm ConceptMap,NV(7701xxx)→data-absent-reason,n/a,Vitals*,Mapped,
eArrest,eArrest.18,End of EMS Cardiac Arrest Event,R [1..1],No,Observation,—,Observation valueCodeableConcept,code,ConceptMap,NV(7701xxx)→data-absent-reason,n/a,Problems,Mapped,
eArrest,eArrest.19-.22,CPR/AED/Defib initiation timing + who first,O/R,No,Procedure,—,Procedure.performer / performedDateTime,mixed,—,NV(7701xxx)→data-absent-reason,PN(8801xxx)→statusReason/negation,Procedures*,Seeded,Note: eArrest.05/.06/.08 do not exist in 3.5
eHistory,eHistory.01,Barriers to Patient Care,R [1..*],Yes,Observation,—,Observation (barrier),code,ConceptMap (language/cultural/etc.),NV(7701xxx)→data-absent-reason,PN(8801xxx)→statusReason/negation,Social History*,Mapped,
eHistory,eHistory.02-.04,Patient's Practitioner Name,O,No,Practitioner/RelatedPerson,—,Patient.generalPractitioner→Practitioner,name,—,NV(7701xxx)→data-absent-reason,n/a,(subject),Seeded,
eHistory,eHistory.05,Advance Directives,RE [0..*],Yes,Consent / DocumentReference,—,Consent (advance directive),code,ConceptMap (DNR/POLST),NV(7701xxx)→data-absent-reason,PN(8801xxx)→statusReason/negation,Advance Directives*,Mapped,DNR/POLST clinically critical
eHistory,eHistory.06,Medication Allergies,RE [0..*],Yes,AllergyIntolerance,US Core AllergyIntolerance,AllergyIntolerance.code (category=medication),code,RxNorm/SNOMED,NV(7701xxx)→data-absent-reason,PN(8801xxx)→statusReason/negation,Allergies,Mapped,PN=No Known Drug Allergy (8801013)
eHistory,eHistory.07,Environmental/Food Allergies,O [0..*],Yes,AllergyIntolerance,US Core AllergyIntolerance,AllergyIntolerance.code (category=environment/food),code,SNOMED,NV(7701xxx)→data-absent-reason,PN(8801xxx)→statusReason/negation,Allergies,Mapped,
eHistory,eHistory.08,Medical/Surgical History,RE [0..*],Yes,Condition,US Core Condition (Problem),Condition.code (category=problem-list),code,"ICD-10-CM (source-coded, pass-through) [corrected 2026-08-06: 3.5.0 XSD pattern-verified; was SNOMED]",NV(7701xxx)→data-absent-reason,PN(8801xxx)→statusReason/negation,Problems,Mapped,Feeds Problems section
eHistory,eHistory.09,Medical History Obtained From,O [0..*],Yes,Provenance,—,Provenance.agent / Condition.asserter,code,source ConceptMap,NV(7701xxx)→data-absent-reason,n/a,Problems,Seeded,
eHistory,eHistory.10-.11,Immunization Type + Year,O,No,Immunization,US Core Immunization,Immunization.vaccineCode; occurrence,code/date,CVX ConceptMap,NV(7701xxx)→data-absent-reason,PN(8801xxx)→statusReason/negation,Immunizations*,Seeded,Sparse in field data
eHistory,eHistory.12,Current Medications,RE [0..1],Yes,MedicationStatement,US Core Medication,MedicationStatement.medication (home meds),code,RxNorm,NV(7701xxx)→data-absent-reason,PN(8801xxx)→statusReason/negation,Medication Summary,Mapped,Home meds → Med Summary section
eHistory,"eHistory.13-.15,.20",Current Med Dose/Unit/Route/Frequency,O,Yes,MedicationStatement,US Core Medication,MedicationStatement.dosage,dosage,UCUM/SNOMED route,NV(7701xxx)→data-absent-reason,n/a,Medication Summary,Seeded,
eHistory,eHistory.16,Presence of Emergency Information Form,O,No,DocumentReference,—,DocumentReference (EIF),code,—,NV(7701xxx)→data-absent-reason,n/a,(header),Seeded,
eHistory,eHistory.17,Alcohol/Drug Use Indicators,R [1..*],Yes,Observation,US Core Smoking/Social,Observation (substance use),code,SNOMED,NV(7701xxx)→data-absent-reason,PN(8801xxx)→statusReason/negation,Social History*,Mapped,
eHistory,eHistory.18,Pregnancy,O,No,Observation,US Core Pregnancy Status,Observation (pregnancy status),code,LOINC 82810-3,NV(7701xxx)→data-absent-reason,PN(8801xxx)→statusReason/negation,Problems,Mapped,
eHistory,eHistory.19,Last Oral Intake,O,No,Observation,—,Observation valueDateTime,dateTime,—,NV(7701xxx)→data-absent-reason,n/a,Problems,Mapped,Anesthesia-relevant
eVitals,eVitals.01,Date/Time Vital Signs Taken,R [1..1],Yes(group),Observation,US Core Vital Signs,Observation.effectiveDateTime (ALL in group),dateTime,n/a,NV(7701xxx)→data-absent-reason,n/a,Vital Signs*,Mapped,GROUP timestamp shared by all Observations from this VitalGroup
eVitals,eVitals.02,Obtained Prior to this Unit's EMS Care,R [1..1],Yes,(provenance),—,Observation.performer / Provenance (prior unit),boolean,—,NV(7701xxx)→data-absent-reason,PN(8801xxx)→statusReason/negation,Vital Signs*,Mapped,"Provenance flag, NOT a measured value"
eVitals,eVitals.03,Cardiac Rhythm / ECG,R [1..*],Yes,Observation,—,Observation (ECG rhythm),code,rhythm ConceptMap,NV(7701xxx)→data-absent-reason,PN(8801xxx)→statusReason/negation,Vital Signs*,Mapped,
eVitals,eVitals.04-.05,ECG Type / Method of Interpretation,R,Yes,Observation,—,Observation.method / component,code,ConceptMap,NV(7701xxx)→data-absent-reason,n/a,Vital Signs*,Seeded,
eVitals,eVitals.06,SBP (Systolic Blood Pressure),R [1..1],Yes,Observation,US Core Blood Pressure,"Observation component LOINC 8480-6, mmHg",integer→Quantity,LOINC 85354-9 panel,NV(7701xxx)→data-absent-reason,PN(8801xxx)→statusReason/negation,Vital Signs*,Mapped,
eVitals,eVitals.07,DBP (Diastolic Blood Pressure),RE [0..1],Yes,Observation,US Core Blood Pressure,"Observation component LOINC 8462-4, mmHg",integer→Quantity,LOINC,NV(7701xxx)→data-absent-reason,PN(8801xxx)→statusReason/negation,Vital Signs*,Mapped,Same BP Observation as .06
eVitals,eVitals.08,Method of Blood Pressure Measurement,RE [0..1],Yes,Observation,—,Observation.method,code,SNOMED,NV(7701xxx)→data-absent-reason,n/a,Vital Signs*,Mapped,
eVitals,eVitals.09,Mean Arterial Pressure,O,Yes,Observation,—,Observation LOINC 8478-0,integer→Quantity,LOINC,NV(7701xxx)→data-absent-reason,n/a,Vital Signs*,Seeded,
eVitals,eVitals.10,Heart Rate,R [1..1],Yes,Observation,US Core Heart Rate,"Observation LOINC 8867-4, /min",integer→Quantity,LOINC,NV(7701xxx)→data-absent-reason,PN(8801xxx)→statusReason/negation,Vital Signs*,Mapped,
eVitals,eVitals.12,Pulse Oximetry,R [1..1],Yes,Observation,US Core Pulse Oximetry,"Observation LOINC 2708-6/59408-5, %",integer→Quantity,LOINC,NV(7701xxx)→data-absent-reason,PN(8801xxx)→statusReason/negation,Vital Signs*,Mapped,
eVitals,eVitals.14,Respiratory Rate,R [1..1],Yes,Observation,US Core Respiratory Rate,"Observation LOINC 9279-1, /min",integer→Quantity,LOINC,NV(7701xxx)→data-absent-reason,PN(8801xxx)→statusReason/negation,Vital Signs*,Mapped,
eVitals,eVitals.16,End Tidal CO2 (ETCO2),R [1..1],Yes,Observation,—,"Observation LOINC 19889-5, mmHg",integer→Quantity,LOINC,NV(7701xxx)→data-absent-reason,PN(8801xxx)→statusReason/negation,Vital Signs*,Mapped,
eVitals,eVitals.17,Carbon Monoxide (CO),RE [0..1],Yes,Observation,—,Observation (SpCO) valueQuantity %,integer→Quantity,LOINC,NV(7701xxx)→data-absent-reason,PN(8801xxx)→statusReason/negation,Vital Signs*,Seeded,
eVitals,eVitals.18,Blood Glucose Level,R [1..1],Yes,Observation,US Core Lab/Vital,"Observation LOINC 2339-0, mg/dL",integer→Quantity,LOINC,NV(7701xxx)→data-absent-reason,PN(8801xxx)→statusReason/negation,Vital Signs*,Mapped,
eVitals,eVitals.19-.23,Glasgow Coma Score (Eye/Verbal/Motor/Qualifier/Total),R/RE,Yes,Observation,—,Observation LOINC 9269-2 (total) + components 9267-6/9270-0/9268-4,integer→Quantity/panel,LOINC GCS panel; helper aggregates total,NV(7701xxx)→data-absent-reason,PN(8801xxx)→statusReason/negation,Vital Signs*,Mapped,Helper computes/validates total from components
eVitals,eVitals.24-.25,Temperature + Method,RE/O,Yes,Observation,US Core Body Temperature,"Observation LOINC 8310-5, Cel",decimal→Quantity,LOINC; UCUM Cel/[degF],NV(7701xxx)→data-absent-reason,PN(8801xxx)→statusReason/negation,Vital Signs*,Mapped,
eVitals,eVitals.26,Level of Responsiveness (AVPU),R [1..1],Yes,Observation,—,Observation valueCodeableConcept,code,AVPU ConceptMap→SNOMED,NV(7701xxx)→data-absent-reason,PN(8801xxx)→statusReason/negation,Vital Signs*,Mapped,
eVitals,eVitals.27-.28,Pain Scale Score + Type,R/RE,Yes,Observation,—,Observation LOINC 72514-3 + method,integer→Quantity,LOINC; scale-type ConceptMap,NV(7701xxx)→data-absent-reason,PN(8801xxx)→statusReason/negation,Vital Signs*,Mapped,
eVitals,eVitals.29-.30,Stroke Scale Score + Type,R [1..1],Yes,Observation,—,Observation (stroke scale) + method,code/score,Cincinnati/LAMS/etc. ConceptMap,NV(7701xxx)→data-absent-reason,PN(8801xxx)→statusReason/negation,Vital Signs*,Mapped,Stroke system-of-care
eVitals,eVitals.31,Reperfusion Checklist,R [1..1],Yes,Observation,—,Observation (STEMI reperfusion),code,ConceptMap,NV(7701xxx)→data-absent-reason,PN(8801xxx)→statusReason/negation,Vital Signs*,Seeded,
eVitals,eVitals.32,APGAR,O,Yes,Observation,—,Observation LOINC 9272-6 panel,integer,LOINC APGAR,NV(7701xxx)→data-absent-reason,n/a,Vital Signs*,Seeded,Neonatal
eVitals,eVitals.33,Revised Trauma Score,O,Yes,Observation,—,Observation (RTS) valueQuantity,integer,—,NV(7701xxx)→data-absent-reason,n/a,Vital Signs*,Seeded,
eMedications,eMedications.01,Date/Time Medication Administered,R [1..1],Yes(group),MedicationAdministration,US Core MedicationAdministration,MedicationAdministration.effectiveDateTime,dateTime,n/a,NV(7701xxx)→data-absent-reason,n/a,Medication Summary,Mapped,GROUP timestamp
eMedications,eMedications.02,Administered Prior to this Unit's EMS Care,R [1..1],Yes,MedicationAdministration,US Core MedAdmin,MedicationAdministration.performer / Provenance,boolean,—,NV(7701xxx)→data-absent-reason,PN(8801xxx)→statusReason/negation,Medication Summary,Mapped,Prior-unit provenance kept distinct
eMedications,eMedications.03,Medication Administered,R [1..1],Yes,MedicationAdministration,US Core MedAdmin,MedicationAdministration.medicationCodeableConcept,code,"RxNorm (source-coded, pass-through)",NV(7701xxx)→data-absent-reason,PN(8801xxx)→statusReason/negation,Medication Summary,Mapped,PN=not given (contraindicated/refused)→statusReason + status=not-done
eMedications,eMedications.04,Medication Administered Route,R [1..1],Yes,MedicationAdministration,US Core MedAdmin,MedicationAdministration.dosage.route,code,route ConceptMap→SNOMED (9927xxx),NV(7701xxx)→data-absent-reason,n/a,Medication Summary,Mapped,
eMedications,eMedications.05,Medication Dosage,R [1..1],Yes,MedicationAdministration,US Core MedAdmin,MedicationAdministration.dosage.dose.value,decimal→Quantity,with .06 units,NV(7701xxx)→data-absent-reason,PN(8801xxx)→statusReason/negation,Medication Summary,Mapped,
eMedications,eMedications.06,Medication Dosage Units,R [1..1],Yes,MedicationAdministration,US Core MedAdmin,MedicationAdministration.dosage.dose.unit,code,UCUM ConceptMap,NV(7701xxx)→data-absent-reason,n/a,Medication Summary,Mapped,
eMedications,eMedications.07,Response to Medication,R [1..1],Yes,Observation,—,Observation (response) derivedFrom MedAdmin,code,ConceptMap,NV(7701xxx)→data-absent-reason,PN(8801xxx)→statusReason/negation,Medication Summary,Mapped,
eMedications,eMedications.08,Medication Complication,R [1..1],Yes,MedicationAdministration,US Core MedAdmin,MedicationAdministration.note / Observation,code,SNOMED,NV(7701xxx)→data-absent-reason,PN(8801xxx)→statusReason/negation,Medication Summary,Mapped,PN=none
eMedications,eMedications.09,Medication Crew ID,RE [0..1],Yes,MedicationAdministration,—,MedicationAdministration.performer.actor→Practitioner,ref,→dPersonnel/eCrew,NV(7701xxx)→data-absent-reason,n/a,Medication Summary,Mapped,
eMedications,eMedications.10,Role/Type of Person Administering,R [1..1],Yes,MedicationAdministration,—,MedicationAdministration.performer.function,code,ConceptMap,NV(7701xxx)→data-absent-reason,n/a,Medication Summary,Mapped,
eMedications,eMedications.11-.12,Medication Authorization / Authorizing Physician,O,Yes,MedicationAdministration,—,MedicationAdministration.request / performer,code/ref,online/offline medical control,NV(7701xxx)→data-absent-reason,n/a,Medication Summary,Seeded,
eProcedures_eAirway,eProcedures.01,Date/Time Procedure Performed,R [1..1],Yes(group),Procedure,US Core Procedure,Procedure.performedDateTime,dateTime,n/a,NV(7701xxx)→data-absent-reason,n/a,Procedures*,Mapped,GROUP timestamp
eProcedures_eAirway,eProcedures.02,Performed Prior to this Unit's EMS Care,R [1..1],Yes,Procedure,US Core Procedure,Procedure.performer / Provenance,boolean,—,NV(7701xxx)→data-absent-reason,PN(8801xxx)→statusReason/negation,Procedures*,Mapped,Prior-unit provenance kept distinct
eProcedures_eAirway,eProcedures.03,Procedure,R [1..1],Yes,Procedure,US Core Procedure,Procedure.code,code,"SNOMED (source-coded, pass-through)",NV(7701xxx)→data-absent-reason,PN(8801xxx)→statusReason/negation,Procedures*,Mapped,PN=not performed→status=not-done + statusReason
eProcedures_eAirway,eProcedures.04,Size of Procedure Equipment,O,Yes,Procedure/Device,—,Procedure.usedCode / focalDevice,code/Quantity,—,NV(7701xxx)→data-absent-reason,n/a,Procedures*,Seeded,
eProcedures_eAirway,eProcedures.05,Number of Procedure Attempts,R [1..1],Yes,Procedure/Observation,—,Observation (attempts) / Procedure.note,integer,—,NV(7701xxx)→data-absent-reason,n/a,Procedures*,Mapped,
eProcedures_eAirway,eProcedures.06,Procedure Successful,R [1..1],Yes,Procedure,US Core Procedure,Procedure.outcome,code,success ConceptMap,NV(7701xxx)→data-absent-reason,PN(8801xxx)→statusReason/negation,Procedures*,Mapped,
eProcedures_eAirway,eProcedures.07,Procedure Complication,R [1..*],Yes,Procedure,US Core Procedure,Procedure.complication,code,NEMSIS 3907xxx ConceptMap + dual-code [corrected 2026-08-06: 3.5.0 XSD enumeration; was SNOMED],NV(7701xxx)→data-absent-reason,PN(8801xxx)→statusReason/negation,Procedures*,Mapped,PN=none
eProcedures_eAirway,eProcedures.08,Response to Procedure,R [1..1],Yes,Observation,—,Observation (response) derivedFrom Procedure,code,ConceptMap,NV(7701xxx)→data-absent-reason,PN(8801xxx)→statusReason/negation,Procedures*,Mapped,
eProcedures_eAirway,eProcedures.09,Procedure Crew Members ID,RE [0..1],Yes,Procedure,US Core Procedure,Procedure.performer.actor→Practitioner,ref,→dPersonnel/eCrew,NV(7701xxx)→data-absent-reason,n/a,Procedures*,Mapped,
eProcedures_eAirway,eProcedures.10,Role/Type of Person Performing,R [1..1],Yes,Procedure,—,Procedure.performer.function,code,ConceptMap,NV(7701xxx)→data-absent-reason,n/a,Procedures*,Mapped,
eProcedures_eAirway,eProcedures.11-.12,Procedure Authorization / Authorizing Physician,O,Yes,Procedure,—,Procedure.basedOn / performer,code/ref,medical control,NV(7701xxx)→data-absent-reason,n/a,Procedures*,Seeded,
eProcedures_eAirway,eProcedures.13,Vascular Access Location,RE [0..1],Yes,Procedure,US Core Procedure,Procedure.bodySite,code,SNOMED body structure,NV(7701xxx)→data-absent-reason,n/a,Procedures*,Mapped,
eProcedures_eAirway,eAirway.01,Indications for Invasive Airway,RE [0..*],Yes,Procedure/Observation,—,Procedure.reasonCode,code,SNOMED,NV(7701xxx)→data-absent-reason,PN(8801xxx)→statusReason/negation,Procedures*,Mapped,
eProcedures_eAirway,eAirway.02-.04,Airway Device Confirmation (time/device/method),RE,Yes,Procedure/Observation,—,Procedure + Observation (confirmation),mixed,SNOMED,NV(7701xxx)→data-absent-reason,PN(8801xxx)→statusReason/negation,Procedures*,Mapped,Links to eProcedures airway entry
eProcedures_eAirway,eAirway.05,Tube Depth,O,Yes,Observation,—,Observation valueQuantity (cm),decimal→Quantity,UCUM cm,NV(7701xxx)→data-absent-reason,n/a,Procedures*,Seeded,
eProcedures_eAirway,eAirway.06-.11,Confirming person / complications / failed-airway reasons / decision & abandon times,O/RE,Yes,Procedure/Observation,—,Procedure.performer / complication / statusReason; timing,mixed,ConceptMaps,NV(7701xxx)→data-absent-reason,PN(8801xxx)→statusReason/negation,Procedures*,Seeded,
eExam_eLabs_eDevice,eExam.01,Estimated Body Weight (kg),RE [0..1],No,Observation,US Core Body Weight,"Observation LOINC 29463-7, kg",decimal→Quantity,LOINC/UCUM,NV(7701xxx)→data-absent-reason,PN(8801xxx)→statusReason/negation,Vital Signs*,Mapped,
eExam_eLabs_eDevice,eExam.02,Length Based Tape Measure,RE [0..1],No,Observation,—,Observation (Broselow) valueCodeableConcept,code,color ConceptMap; helper for peds weight,NV(7701xxx)→data-absent-reason,n/a,Vital Signs*,Mapped,Pediatric length-based dosing
eExam_eLabs_eDevice,eExam.03,Date/Time of Assessment,O,Yes(group),Observation,—,Observation.effectiveDateTime (exam group),dateTime,n/a,NV(7701xxx)→data-absent-reason,n/a,(exam),Mapped,Exam group timestamp
eExam_eLabs_eDevice,eExam.04-.25,Physical exam findings by body region (skin/head/face/neck/heart/abdomen/pelvis/back/extremity/eye/lung/chest/mental/neuro),O [0..*],Yes,Observation,—,Observation.bodySite + valueCodeableConcept; finding-location components,code,SNOMED body-structure + finding ConceptMaps,NV(7701xxx)→data-absent-reason,PN(8801xxx)→statusReason/negation,(exam),Seeded,PN-heavy (pertinent negatives are the clinical point); each region a coded finding element
eExam_eLabs_eDevice,eExam.21,Stroke/CVA Symptoms Resolved,RE [0..1],No,Observation,—,Observation valueBoolean,boolean,—,NV(7701xxx)→data-absent-reason,PN(8801xxx)→statusReason/negation,Problems,Mapped,Stroke pathway
eExam_eLabs_eDevice,eProtocols.01,Protocols Used,R [1..1],Yes,Observation/CarePlan,—,CarePlan.instantiatesUri / Observation,code,local protocol ConceptMap,NV(7701xxx)→data-absent-reason,n/a,EMS Course*,Seeded,
eExam_eLabs_eDevice,eProtocols.02,Protocol Age Category,RE [0..1],Yes,Observation,—,Observation component,code,ConceptMap,NV(7701xxx)→data-absent-reason,n/a,EMS Course*,Seeded,
eExam_eLabs_eDevice,eLabs.01-.04,Lab result (time/prior/type/result),O,Yes,Observation / DiagnosticReport,US Core Lab Result,Observation (laboratory) + DiagnosticReport,mixed,LOINC,NV(7701xxx)→data-absent-reason,PN(8801xxx)→statusReason/negation,Results*,Seeded,Rare in field; point-of-care labs
eExam_eLabs_eDevice,eLabs.05-.08,Imaging study (type/result/waveform/file),O,Yes,DiagnosticReport / Media,—,DiagnosticReport + Media/DocumentReference,mixed,LOINC/DICOM,NV(7701xxx)→data-absent-reason,n/a,Results*,Deferred,Waveforms/images as attachments
eExam_eLabs_eDevice,eDevice.01-.12,Medical device data (serial/event/mode/ECG lead/interp/shock/pacing/waveform),O,Yes,Observation / Device / Media,—,Device + Observation cluster; Media for waveform,mixed,—,NV(7701xxx)→data-absent-reason,n/a,Results*,Deferred,Monitor/defib telemetry; CR/attachment
eDisposition,eDisposition.01-.02,Destination Name / Code,RE [0..1],No,Location/Organization,—,Encounter.hospitalization.destination→Location,string/code,facility ConceptMap,NV(7701xxx)→data-absent-reason,n/a,EMS Course*,Mapped,
eDisposition,eDisposition.03-.10,Destination Address/City/State/County/ZIP/Country/GPS/USNG,O/R,No,Location,—,Location.address / position,address/geo,—,NV(7701xxx)→data-absent-reason,n/a,EMS Course*,Mapped,
eDisposition,eDisposition.11,Number of Patients Transported in this Unit,RE [0..1],No,Observation,—,Observation valueInteger,integer,—,NV(7701xxx)→data-absent-reason,n/a,EMS Course*,Seeded,
eDisposition,eDisposition.13-.15,How Patient Moved to/from Ambulance + Position During Transport,O,Yes,Observation,—,Observation cluster,code,ConceptMap,NV(7701xxx)→data-absent-reason,n/a,EMS Course*,Seeded,Src typos: 'deDisposition.15'→eDisposition.15
eDisposition,eDisposition.16,EMS Transport Method,R [1..1],No,Encounter,—,Encounter.type (transport),code,ConceptMap,NV(7701xxx)→data-absent-reason,n/a,EMS Course*,Mapped,
eDisposition,eDisposition.17-.18,Transport Mode from Scene + Additional Descriptors,R,Yes,Encounter,—,Encounter.priority (transport),code,emergent/non ConceptMap,NV(7701xxx)→data-absent-reason,n/a,EMS Course*,Mapped,
eDisposition,eDisposition.19,Final Patient Acuity,R [1..1],No,Observation,—,"Observation (acuity, final)",code,acuity ConceptMap,NV(7701xxx)→data-absent-reason,n/a,EMS Course*,Mapped,
eDisposition,eDisposition.20,Reason for Choosing Destination,R [1..*],Yes,Encounter,—,Encounter.hospitalization.reasonCode / ServiceRequest,code,ConceptMap,NV(7701xxx)→data-absent-reason,n/a,EMS Course*,Mapped,
eDisposition,eDisposition.21,Type of Destination,R [1..1],No,Location,—,Location.type,code,ConceptMap→v3 RoleCode,NV(7701xxx)→data-absent-reason,n/a,EMS Course*,Mapped,
eDisposition,eDisposition.22,Hospital In-Patient Destination,R [1..1],No,Encounter,—,Encounter.hospitalization,code,—,NV(7701xxx)→data-absent-reason,n/a,EMS Course*,Seeded,
eDisposition,eDisposition.23,Hospital Capability,R [1..*],Yes,Location/Organization,—,Location.type (capability),code,trauma/STEMI/stroke center ConceptMap,NV(7701xxx)→data-absent-reason,n/a,EMS Course*,Mapped,System-of-care routing
eDisposition,eDisposition.24,Destination Team Pre-Arrival Alert or Activation,R [1..1],No,Communication,—,Communication (prearrival alert),code,—,NV(7701xxx)→data-absent-reason,PN(8801xxx)→statusReason/negation,EMS Course*,Mapped,STEMI/stroke/trauma activation
eDisposition,eDisposition.25,Date/Time of Destination Prearrival Alert,R [1..1],No,Communication,—,Communication.sent,dateTime,n/a,NV(7701xxx)→data-absent-reason,n/a,EMS Course*,Mapped,
eDisposition,eDisposition.26,Disposition Instructions Provided,O [0..*],Yes,Observation/CommunicationRequest,—,Observation / note,code,—,NV(7701xxx)→data-absent-reason,n/a,EMS Course*,Seeded,
eDisposition,eDisposition.27,Unit Disposition,M [1..1],No,Encounter,US Core Encounter,Encounter.status / hospitalization,code,3.5 restructured; ConceptMap,NV(7701xxx)→data-absent-reason,n/a,EMS Course*,Mapped,Core 'what happened' field
eDisposition,eDisposition.28,Patient Evaluation/Care,R [1..1],No,Encounter,—,Encounter.status (evaluated/treated),code,ConceptMap,NV(7701xxx)→data-absent-reason,n/a,EMS Course*,Mapped,
eDisposition,eDisposition.29,Crew Disposition,R [1..1],No,Encounter,—,Encounter.status supporting,code,ConceptMap,NV(7701xxx)→data-absent-reason,n/a,EMS Course*,Mapped,
eDisposition,eDisposition.30,Transport Disposition,R [1..1],No,Encounter,US Core Encounter,Encounter.hospitalization.dischargeDisposition,code,transport-disposition ConceptMap,NV(7701xxx)→data-absent-reason,n/a,EMS Course*,Mapped,Transported/no-transport/refusal
eDisposition,eDisposition.31,Reason for Refusal/Release,O [0..*],Yes,Encounter/Observation,—,Encounter.reasonCode / Observation,code,ConceptMap,NV(7701xxx)→data-absent-reason,PN(8801xxx)→statusReason/negation,EMS Course*,Mapped,AMA/refusal
eDisposition,eDisposition.32,Level of Care Provided per Protocol,R [1..1],No,Encounter,—,Encounter.type (LOC),code,ALS/BLS ConceptMap,NV(7701xxx)→data-absent-reason,n/a,EMS Course*,Mapped,
ePayment,ePayment.01,Primary Method of Payment,R [1..1],No,Coverage,US Core Coverage,Coverage.type,code,payment-type ConceptMap,NV(7701xxx)→data-absent-reason,n/a,Payers,Mapped,Feeds optional Payers section (48768-6)
ePayment,ePayment.02-.07,Physician Certification Statement (PCS) fields,O,No,Contract / DocumentReference,—,Contract (PCS),mixed,—,NV(7701xxx)→data-absent-reason,n/a,Payers,Deferred,Billing detail; CR/attachment
ePayment,ePayment.09-.16,Insurance Company ID/Name/Priority/Address,O,Yes,Coverage/Organization,US Core Coverage,Coverage.payor→Organization,mixed,—,NV(7701xxx)→data-absent-reason,n/a,Payers,Seeded,
ePayment,ePayment.17-.22,Group ID / Policy ID / Insured name / Relationship,O,No,Coverage,US Core Coverage,Coverage.subscriberId; Coverage.relationship,mixed,relationship ConceptMap,NV(7701xxx)→data-absent-reason,n/a,Payers,Seeded,
ePayment,ePayment.23-.39,Closest Relative/Guardian + Employer details,O,No,RelatedPerson,—,RelatedPerson / Patient.contact,mixed,—,NV(7701xxx)→data-absent-reason,n/a,(subject),Deferred,Contact/billing; CR only
ePayment,ePayment.40-.57,CMS service level / condition codes / transport indicators / supply items,O/R,Yes,Coverage/Claim,—,Coverage.class / Claim,mixed,CMS ConceptMaps,NV(7701xxx)→data-absent-reason,n/a,Payers,Deferred,Billing/claims; out of clinical scope
ePayment,ePayment.50,CMS Service Level,R [1..1],No,Coverage/Encounter,—,Encounter.type (CMS LOS),code,CMS ConceptMap,NV(7701xxx)→data-absent-reason,n/a,Payers,Seeded,
ePayment,ePayment.58-.60,Insurance Group Name / Company Phone / Insured DOB,O,No,Coverage,US Core Coverage,Coverage.class; payor.telecom,mixed,—,NV(7701xxx)→data-absent-reason,n/a,Payers,Deferred,Out-of-order in source (mid-panel)
eOutcome,eOutcome.01,Emergency Department Disposition,R [1..1],No,(external) QORE / Observation,QRPH QORE,→ QORE profile,code,N/A in mPSC,NV(7701xxx)→data-absent-reason,n/a,(outcome),Deferred,IG punts to external QORE; future outcome-loop input
eOutcome,eOutcome.02,Hospital Disposition,R [1..1],No,(external) QORE / Observation,QRPH QORE,→ QORE profile,code,N/A,NV(7701xxx)→data-absent-reason,n/a,(outcome),Deferred,Outcome loop (Phase 6)
eOutcome,eOutcome.03-.05,External Report ID/Type + Registry Type,O,No,Observation/DocumentReference,—,Observation.identifier / DocumentReference,string,—,NV(7701xxx)→data-absent-reason,n/a,(outcome),Deferred,
eOutcome,eOutcome.09-.13,ED/Hospital Procedures + Diagnoses,R,Yes,Procedure/Condition,—,Procedure / Condition (hospital),code,SNOMED/ICD-10,NV(7701xxx)→data-absent-reason,n/a,(outcome),Deferred,"Populated post-discharge, not by EMS"
eOutcome,eOutcome.11/.16/.18-.20,Hospital admit/discharge/ED admit + procedure timestamps,R,No,Encounter/Procedure,—,Encounter.period / Procedure.performed,dateTime,n/a,NV(7701xxx)→data-absent-reason,n/a,(outcome),Deferred,Write-back target for outcome loop
eNarrative_eOther,eNarrative.01,Patient Care Report Narrative,RE [0..1],No,Composition / DocumentReference,—,Composition.section.text (EMS narrative) + DocumentReference,string→narrative,n/a,NV(7701xxx)→data-absent-reason,n/a,EMS Narrative*,Mapped,Free-text; proposed dedicated section
eNarrative_eOther,eOther.01-.02,Review Requested / System-of-Care Registry Patient,O,No,Flag / Observation,—,Flag / Observation,code,—,NV(7701xxx)→data-absent-reason,n/a,(header),Seeded,
eNarrative_eOther,eOther.03,Personal Protective Equipment Used,O,No,Observation,—,Observation,code,ConceptMap,NV(7701xxx)→data-absent-reason,PN(8801xxx)→statusReason/negation,(header),Seeded,Crew safety
eNarrative_eOther,eOther.04-.08,Crew member IDs / work-related exposure / disaster / report author,O/RE,No,Practitioner / Observation / Provenance,—,Provenance.agent; Observation (exposure),mixed,—,NV(7701xxx)→data-absent-reason,PN(8801xxx)→statusReason/negation,(header),Seeded,
eNarrative_eOther,eOther.09-.11,External Electronic Document / File Attachment Type + Image,O,Yes,DocumentReference / Media,—,DocumentReference.content.attachment / Media,base64/url,MIME,NV(7701xxx)→data-absent-reason,n/a,(header),Mapped,"12-lead PDFs, images"
eNarrative_eOther,eOther.12-.21,Signature block (type/reason/representative/status/graphic/name/time),O,Yes,Provenance / DocumentReference,—,Provenance.signature,signature,—,NV(7701xxx)→data-absent-reason,n/a,(header),Seeded,Src typo: 'deOther.21'→eOther.21
eNarrative_eOther,eOther.22,File Attachment Name,O,No,DocumentReference,—,DocumentReference.content.attachment.title,string,n/a,NV(7701xxx)→data-absent-reason,n/a,(header),Mapped,
